{
  "saved_at": "2026-06-26T08:43:41.173478+00:00",
  "meta": {
    "n_cases": 132448,
    "eval_workers": 8,
    "exp02_sample": ""
  },
  "live": {
    "BM25 (live OpenSearch)": {
      "n": 132448,
      "hit@1": 0.9864928122734961,
      "hit@3": 0.9996073930901184,
      "hit@5": 0.9998942981396473,
      "mrr": 0.9930727567814986
    },
    "Dense kNN (live OpenSearch)": {
      "n": 132448,
      "hit@1": 0.7954291495530321,
      "hit@3": 0.9360201739550617,
      "hit@5": 0.9674664774100025,
      "mrr": 0.8708788895964179
    },
    "Hybrid RRF (live OpenSearch)": {
      "n": 132448,
      "hit@1": 0.9230414955303213,
      "hit@3": 0.9884709470886688,
      "hit@5": 0.9954246194733027,
      "mrr": 0.9565463535196743
    }
  },
  "baselines": {
    "BM25 (EXP-02 offline)": {
      "n": 132448,
      "hit@1": 0.9847,
      "hit@3": 0.9995,
      "hit@5": 0.9999,
      "mrr": 0.9921
    },
    "Dense kNN (EXP-02 offline, legacy query embed)": {
      "n": 132448,
      "hit@1": 0.8311,
      "hit@3": 0.9441,
      "hit@5": 0.9682,
      "mrr": 0.8911
    },
    "Hybrid RRF (EXP-02 offline)": {
      "n": 132448,
      "hit@1": 0.9117,
      "hit@3": 0.9889,
      "hit@5": 0.9961,
      "mrr": 0.9511
    }
  }
}
